<?xml version="1.0" encoding="utf-8" ?>
<LicenseManagement Title="DlhSoft Gantt Chart Hyper Library License Management" ProductName="Gantt Chart Hyper Library HTML5" ProductType="Component">
  <Assemblies>
    <Assembly Name="DlhSoft.ProjectData.GanttChart.HTML.Controls" Version="5">
      <Types>
        <Type Name="DlhSoft.Controls.GanttChartView"/>
        <Type Name="DlhSoft.Controls.ScheduleChartView"/>
        <Type Name="DlhSoft.Controls.LoadChartView"/>
      </Types>      
    </Assembly>
    <Assembly Name="DlhSoft.Data.HTML.Controls" Version="5">
      <Types>
        <Type Name="DlhSoft.Controls.Calendar"/>
        <Type Name="DlhSoft.Controls.DatePicker"/>
        <Type Name="DlhSoft.Controls.TimePicker"/>
        <Type Name="DlhSoft.Controls.MultiSelectorComboBox"/>
      </Types>
    </Assembly>
    <Assembly Name="DlhSoft.ProjectData.PertChart.HTML.Controls" Version="5">
      <Types>
        <Type Name="DlhSoft.Controls.Pert.PertChartView"/>
        <Type Name="DlhSoft.Controls.Pert.NetworkDiagramView"/>
      </Types>
    </Assembly>
  </Assemblies>
</LicenseManagement>