﻿<?xml version="1.0" encoding="utf-8" ?>
<LicenseManagement Title="DlhSoft Gantt Chart Web Library License Management" ProductName="Gantt Chart Web Library ASP .NET 4" ProductType="Component">
  <Assemblies>
    <Assembly Name="DlhSoft.ProjectData.GanttChart.ASP.Controls" Version="5">
      <Types>
        <Type Name="DlhSoft.Web.UI.WebControls.GanttChartView"/>
        <Type Name="DlhSoft.Web.UI.WebControls.ScheduleChartView"/>
        <Type Name="DlhSoft.Web.UI.WebControls.LoadChartView"/>
      </Types>      
    </Assembly>
    <Assembly Name="DlhSoft.ProjectData.PertChart.ASP.Controls" Version="5">
      <Types>
        <Type Name="DlhSoft.Web.UI.WebControls.Pert.PertChartView"/>
        <Type Name="DlhSoft.Web.UI.WebControls.Pert.NetworkDiagramView"/>
      </Types>
    </Assembly>
    <Assembly Name="DlhSoft.ProjectData.GanttChart.Mvc.Extensions" Version="5">
      <Types>
        <Type Name="DlhSoft.Web.Mvc.GanttChartView"/>
        <Type Name="DlhSoft.Web.Mvc.ScheduleChartView"/>
        <Type Name="DlhSoft.Web.Mvc.LoadChartView"/>
      </Types>      
    </Assembly>
    <Assembly Name="DlhSoft.ProjectData.PertChart.Mvc.Extensions" Version="5">
      <Types>
        <Type Name="DlhSoft.Web.Mvc.Pert.PertChartView"/>
        <Type Name="DlhSoft.Web.Mvc.Pert.NetworkDiagramView"/>
      </Types>
    </Assembly>
  </Assemblies>
</LicenseManagement>